data_feed_id,merchant_id,merchant_name,aw_product_id,aw_deep_link,aw_image_url,aw_thumb_url,category_id,category_name,brand_id,brand_name,merchant_product_id,merchant_category,ean,mpn,product_name,description,merchant_deep_link,merchant_image_url,delivery_time,search_price,delivery_cost,product_type,colour,custom_1,custom_2
101819,115216,"King Koil",43487196554,https://www.awin1.com/pclick.php?p=43487196554&a=3002879&m=115216,https://images2.productserve.com/?w=200&h=200&bg=white&trim=5&t=letterbox&url=ssl%3Acdn.shopify.com%2Fs%2Ffiles%2F1%2F3097%2F4354%2Ffiles%2F13_Twin_black.jpg%3Fv%3D1781288522&feedId=101819&k=a9b4996872cc177f45d10ea1f35d0551c2958fdd,https://images2.productserve.com/?w=70&h=70&bg=white&trim=5&t=letterbox&url=ssl%3Acdn.shopify.com%2Fs%2Ffiles%2F1%2F3097%2F4354%2Ffiles%2F13_Twin_black.jpg%3Fv%3D1781288522&feedId=101819&k=a9b4996872cc177f45d10ea1f35d0551c2958fdd,453,Mattresses,,"King Koil Airbeds",40196727636056,Mattresses,817442020417,KK13C1BK29311,"King Koil Luxury Air Mattress with High Speed Built-in Pump","Coil Beam - King Koil Airbeds were designed with you in mind. Enhanced Coil Technology providesthe support you and your guests need for a sound night's sleep. Air filled coils and internal layeringnaturally support the body, keeping the spine aligned as you sleep. The state-of-the-art coils also maintain the inflatable bed's shape and firmness over time.. Layers - Utilizing high-quality, puncture resistant material prevents normal wear and tear that cansink an average air mattress. The durable PVC combined with soft flocked top create a waterproof,extremely durable airbed, meant to withstand the test of time.. Built-In Pump - With our proprietary built-in high-speed pump, you can easily maintain and adjust the blow up beds firmness level. Featuring separate inflation and deflation valves, the built-in high speed pump will do the work for you, and get you resting faster. Fully inflate or deflate the queen size air mattress in just 90 seconds. That's twice as fast as the average competing bed! Pump specs: 120V/210W",https://kingkoilairbeds.com/products/king-koil-air-mattress-black?variant=40196727636056,https://cdn.shopify.com/s/files/1/3097/4354/files/13_Twin_black.jpg?v=1781288522,2-5,99.95,,,,1,
101819,115216,"King Koil",43487196555,https://www.awin1.com/pclick.php?p=43487196555&a=3002879&m=115216,https://images2.productserve.com/?w=200&h=200&bg=white&trim=5&t=letterbox&url=ssl%3Acdn.shopify.com%2Fs%2Ffiles%2F1%2F3097%2F4354%2Ffiles%2F16_Twin_Black_cf3b4660-a1bd-40b4-b140-0939bec0d492.jpg%3Fv%3D1781287492&feedId=101819&k=4282f2af542746ddecfe2fe7f24f9806973f7827,https://images2.productserve.com/?w=70&h=70&bg=white&trim=5&t=letterbox&url=ssl%3Acdn.shopify.com%2Fs%2Ffiles%2F1%2F3097%2F4354%2Ffiles%2F16_Twin_Black_cf3b4660-a1bd-40b4-b140-0939bec0d492.jpg%3Fv%3D1781287492&feedId=101819&k=4282f2af542746ddecfe2fe7f24f9806973f7827,453,Mattresses,,"King Koil Airbeds",40196727668824,Mattresses,817442020882,KK16C1BK29315,"King Koil Luxury Air Mattress with High Speed Built-in Pump","Coil Beam - King Koil Airbeds were designed with you in mind. Enhanced Coil Technology providesthe support you and your guests need for a sound night's sleep. Air filled coils and internal layeringnaturally support the body, keeping the spine aligned as you sleep. The state-of-the-art coils also maintain the inflatable bed's shape and firmness over time.. Layers - Utilizing high-quality, puncture resistant material prevents normal wear and tear that cansink an average air mattress. The durable PVC combined with soft flocked top create a waterproof,extremely durable airbed, meant to withstand the test of time.. Built-In Pump - With our proprietary built-in high-speed pump, you can easily maintain and adjust the blow up beds firmness level. Featuring separate inflation and deflation valves, the built-in high speed pump will do the work for you, and get you resting faster. Fully inflate or deflate the queen size air mattress in just 90 seconds. That's twice as fast as the average competing bed! Pump specs: 120V/210W",https://kingkoilairbeds.com/products/king-koil-air-mattress-black?variant=40196727668824,https://cdn.shopify.com/s/files/1/3097/4354/files/16_Twin_Black_cf3b4660-a1bd-40b4-b140-0939bec0d492.jpg?v=1781287492,2-5,109.95,,,,1,
101819,115216,"King Koil",43317328560,https://www.awin1.com/pclick.php?p=43317328560&a=3002879&m=115216,https://images2.productserve.com/?w=200&h=200&bg=white&trim=5&t=letterbox&url=ssl%3Acdn.shopify.com%2Fs%2Ffiles%2F1%2F3097%2F4354%2Ffiles%2F29171_Main.jpg%3Fv%3D1781286936&feedId=101819&k=364f77966e837bb7c1c7370ae6453c8420d433f8,https://images2.productserve.com/?w=70&h=70&bg=white&trim=5&t=letterbox&url=ssl%3Acdn.shopify.com%2Fs%2Ffiles%2F1%2F3097%2F4354%2Ffiles%2F29171_Main.jpg%3Fv%3D1781286936&feedId=101819&k=364f77966e837bb7c1c7370ae6453c8420d433f8,453,Mattresses,,"King Koil Airbeds",40196727701592,Mattresses,817442020110,29171,"King Koil Luxury Air Mattress with High Speed Built-in Pump","Coil Beam - King Koil Airbeds were designed with you in mind. Enhanced Coil Technology providesthe support you and your guests need for a sound night's sleep. Air filled coils and internal layeringnaturally support the body, keeping the spine aligned as you sleep. The state-of-the-art coils also maintain the inflatable bed's shape and firmness over time.. Layers - Utilizing high-quality, puncture resistant material prevents normal wear and tear that cansink an average air mattress. The durable PVC combined with soft flocked top create a waterproof,extremely durable airbed, meant to withstand the test of time.. Built-In Pump - With our proprietary built-in high-speed pump, you can easily maintain and adjust the blow up beds firmness level. Featuring separate inflation and deflation valves, the built-in high speed pump will do the work for you, and get you resting faster. Fully inflate or deflate the queen size air mattress in just 90 seconds. That's twice as fast as the average competing bed! Pump specs: 120V/210W",https://kingkoilairbeds.com/products/king-koil-air-mattress-black?variant=40196727701592,https://cdn.shopify.com/s/files/1/3097/4354/files/29171_Main.jpg?v=1781286936,2-5,119.95,,,,1,
101819,115216,"King Koil",43317328561,https://www.awin1.com/pclick.php?p=43317328561&a=3002879&m=115216,https://images2.productserve.com/?w=200&h=200&bg=white&trim=5&t=letterbox&url=ssl%3Acdn.shopify.com%2Fs%2Ffiles%2F1%2F3097%2F4354%2Ffiles%2F13_queen_black.jpg%3Fv%3D1781288932&feedId=101819&k=d0f404c4113ed6d74abced3c82cf87ae69613106,https://images2.productserve.com/?w=70&h=70&bg=white&trim=5&t=letterbox&url=ssl%3Acdn.shopify.com%2Fs%2Ffiles%2F1%2F3097%2F4354%2Ffiles%2F13_queen_black.jpg%3Fv%3D1781288932&feedId=101819&k=d0f404c4113ed6d74abced3c82cf87ae69613106,453,Mattresses,,"King Koil Airbeds",40196727734360,Mattresses,817442020219,KK13C2BK29312,"King Koil Luxury Air Mattress with High Speed Built-in Pump","Coil Beam - King Koil Airbeds were designed with you in mind. Enhanced Coil Technology providesthe support you and your guests need for a sound night's sleep. Air filled coils and internal layeringnaturally support the body, keeping the spine aligned as you sleep. The state-of-the-art coils also maintain the inflatable bed's shape and firmness over time.. Layers - Utilizing high-quality, puncture resistant material prevents normal wear and tear that cansink an average air mattress. The durable PVC combined with soft flocked top create a waterproof,extremely durable airbed, meant to withstand the test of time.. Built-In Pump - With our proprietary built-in high-speed pump, you can easily maintain and adjust the blow up beds firmness level. Featuring separate inflation and deflation valves, the built-in high speed pump will do the work for you, and get you resting faster. Fully inflate or deflate the queen size air mattress in just 90 seconds. That's twice as fast as the average competing bed! Pump specs: 120V/210W",https://kingkoilairbeds.com/products/king-koil-air-mattress-black?variant=40196727734360,https://cdn.shopify.com/s/files/1/3097/4354/files/13_queen_black.jpg?v=1781288932,2-5,129.95,,,,1,
101819,115216,"King Koil",42912979431,https://www.awin1.com/pclick.php?p=42912979431&a=3002879&m=115216,https://images2.productserve.com/?w=200&h=200&bg=white&trim=5&t=letterbox&url=ssl%3Acdn.shopify.com%2Fs%2Ffiles%2F1%2F3097%2F4354%2Ffiles%2F20_queen_black.jpg%3Fv%3D1781288898&feedId=101819&k=795574ca9cf710e6cda1fe31dac8b128f636e638,https://images2.productserve.com/?w=70&h=70&bg=white&trim=5&t=letterbox&url=ssl%3Acdn.shopify.com%2Fs%2Ffiles%2F1%2F3097%2F4354%2Ffiles%2F20_queen_black.jpg%3Fv%3D1781288898&feedId=101819&k=795574ca9cf710e6cda1fe31dac8b128f636e638,453,Mattresses,,"King Koil Airbeds",40196727799896,Mattresses,817442020172,29170,"King Koil Luxury Air Mattress with High Speed Built-in Pump","Coil Beam - King Koil Airbeds were designed with you in mind. Enhanced Coil Technology providesthe support you and your guests need for a sound night's sleep. Air filled coils and internal layeringnaturally support the body, keeping the spine aligned as you sleep. The state-of-the-art coils also maintain the inflatable bed's shape and firmness over time.. Layers - Utilizing high-quality, puncture resistant material prevents normal wear and tear that cansink an average air mattress. The durable PVC combined with soft flocked top create a waterproof,extremely durable airbed, meant to withstand the test of time.. Built-In Pump - With our proprietary built-in high-speed pump, you can easily maintain and adjust the blow up beds firmness level. Featuring separate inflation and deflation valves, the built-in high speed pump will do the work for you, and get you resting faster. Fully inflate or deflate the queen size air mattress in just 90 seconds. That's twice as fast as the average competing bed! Pump specs: 120V/210W",https://kingkoilairbeds.com/products/king-koil-air-mattress-black?variant=40196727799896,https://cdn.shopify.com/s/files/1/3097/4354/files/20_queen_black.jpg?v=1781288898,2-5,149.95,,,,1,
101819,115216,"King Koil",42890768720,https://www.awin1.com/pclick.php?p=42890768720&a=3002879&m=115216,https://images2.productserve.com/?w=200&h=200&bg=white&trim=5&t=letterbox&url=ssl%3Acdn.shopify.com%2Fs%2Ffiles%2F1%2F3097%2F4354%2Ffiles%2F20_Cal_king_black.jpg%3Fv%3D1781289483&feedId=101819&k=5f00dcfd85bf40d941399e6b7d091292ddc69900,https://images2.productserve.com/?w=70&h=70&bg=white&trim=5&t=letterbox&url=ssl%3Acdn.shopify.com%2Fs%2Ffiles%2F1%2F3097%2F4354%2Ffiles%2F20_Cal_king_black.jpg%3Fv%3D1781289483&feedId=101819&k=5f00dcfd85bf40d941399e6b7d091292ddc69900,453,Mattresses,,"King Koil Airbeds",40196727832664,Mattresses,817442020066,29172,"King Koil Luxury Air Mattress with High Speed Built-in Pump","Coil Beam - King Koil Airbeds were designed with you in mind. Enhanced Coil Technology providesthe support you and your guests need for a sound night's sleep. Air filled coils and internal layeringnaturally support the body, keeping the spine aligned as you sleep. The state-of-the-art coils also maintain the inflatable bed's shape and firmness over time.. Layers - Utilizing high-quality, puncture resistant material prevents normal wear and tear that cansink an average air mattress. The durable PVC combined with soft flocked top create a waterproof,extremely durable airbed, meant to withstand the test of time.. Built-In Pump - With our proprietary built-in high-speed pump, you can easily maintain and adjust the blow up beds firmness level. Featuring separate inflation and deflation valves, the built-in high speed pump will do the work for you, and get you resting faster. Fully inflate or deflate the queen size air mattress in just 90 seconds. That's twice as fast as the average competing bed! Pump specs: 120V/210W",https://kingkoilairbeds.com/products/king-koil-air-mattress-black?variant=40196727832664,https://cdn.shopify.com/s/files/1/3097/4354/files/20_Cal_king_black.jpg?v=1781289483,2-5,179.95,,,,1,
101819,115216,"King Koil",43317328562,https://www.awin1.com/pclick.php?p=43317328562&a=3002879&m=115216,https://images2.productserve.com/?w=200&h=200&bg=white&trim=5&t=letterbox&url=ssl%3Acdn.shopify.com%2Fs%2Ffiles%2F1%2F3097%2F4354%2Ffiles%2F13_kid_black.jpg%3Fv%3D1781289528&feedId=101819&k=47ef159b3fc36889126b0ad72374806ef0b01d1d,https://images2.productserve.com/?w=70&h=70&bg=white&trim=5&t=letterbox&url=ssl%3Acdn.shopify.com%2Fs%2Ffiles%2F1%2F3097%2F4354%2Ffiles%2F13_kid_black.jpg%3Fv%3D1781289528&feedId=101819&k=47ef159b3fc36889126b0ad72374806ef0b01d1d,453,Mattresses,,"King Koil Airbeds",42890533830744,Mattresses,,KK13I6BK29323,"King Koil Luxury Air Mattress with High Speed Built-in Pump","Coil Beam - King Koil Airbeds were designed with you in mind. Enhanced Coil Technology providesthe support you and your guests need for a sound night's sleep. Air filled coils and internal layeringnaturally support the body, keeping the spine aligned as you sleep. The state-of-the-art coils also maintain the inflatable bed's shape and firmness over time.. Layers - Utilizing high-quality, puncture resistant material prevents normal wear and tear that cansink an average air mattress. The durable PVC combined with soft flocked top create a waterproof,extremely durable airbed, meant to withstand the test of time.. Built-In Pump - With our proprietary built-in high-speed pump, you can easily maintain and adjust the blow up beds firmness level. Featuring separate inflation and deflation valves, the built-in high speed pump will do the work for you, and get you resting faster. Fully inflate or deflate the queen size air mattress in just 90 seconds. That's twice as fast as the average competing bed! Pump specs: 120V/210W",https://kingkoilairbeds.com/products/king-koil-air-mattress-black?variant=42890533830744,https://cdn.shopify.com/s/files/1/3097/4354/files/13_kid_black.jpg?v=1781289528,2-5,79.95,,,,1,
101819,115216,"King Koil",43487196557,https://www.awin1.com/pclick.php?p=43487196557&a=3002879&m=115216,https://images2.productserve.com/?w=200&h=200&bg=white&trim=5&t=letterbox&url=ssl%3Acdn.shopify.com%2Fs%2Ffiles%2F1%2F3097%2F4354%2Ffiles%2F16_cal_king_black.jpg%3Fv%3D1781289504&feedId=101819&k=61b4633dbba10ba7be33f9d3fb104bb96bd8d64f,https://images2.productserve.com/?w=70&h=70&bg=white&trim=5&t=letterbox&url=ssl%3Acdn.shopify.com%2Fs%2Ffiles%2F1%2F3097%2F4354%2Ffiles%2F16_cal_king_black.jpg%3Fv%3D1781289504&feedId=101819&k=61b4633dbba10ba7be33f9d3fb104bb96bd8d64f,453,Mattresses,,"King Koil Airbeds",42890534649944,Mattresses,,KK16C4BK29317,"King Koil Luxury Air Mattress with High Speed Built-in Pump","Coil Beam - King Koil Airbeds were designed with you in mind. Enhanced Coil Technology providesthe support you and your guests need for a sound night's sleep. Air filled coils and internal layeringnaturally support the body, keeping the spine aligned as you sleep. The state-of-the-art coils also maintain the inflatable bed's shape and firmness over time.. Layers - Utilizing high-quality, puncture resistant material prevents normal wear and tear that cansink an average air mattress. The durable PVC combined with soft flocked top create a waterproof,extremely durable airbed, meant to withstand the test of time.. Built-In Pump - With our proprietary built-in high-speed pump, you can easily maintain and adjust the blow up beds firmness level. Featuring separate inflation and deflation valves, the built-in high speed pump will do the work for you, and get you resting faster. Fully inflate or deflate the queen size air mattress in just 90 seconds. That's twice as fast as the average competing bed! Pump specs: 120V/210W",https://kingkoilairbeds.com/products/king-koil-air-mattress-black?variant=42890534649944,https://cdn.shopify.com/s/files/1/3097/4354/files/16_cal_king_black.jpg?v=1781289504,2-5,159.95,,,,1,
101819,115216,"King Koil",43317328563,https://www.awin1.com/pclick.php?p=43317328563&a=3002879&m=115216,https://images2.productserve.com/?w=200&h=200&bg=white&trim=5&t=letterbox&url=ssl%3Acdn.shopify.com%2Fs%2Ffiles%2F1%2F3097%2F4354%2Ffiles%2F20_full_balck.jpg%3Fv%3D1781288542&feedId=101819&k=a777851bef997e639881cf6600065a59c2dd3e35,https://images2.productserve.com/?w=70&h=70&bg=white&trim=5&t=letterbox&url=ssl%3Acdn.shopify.com%2Fs%2Ffiles%2F1%2F3097%2F4354%2Ffiles%2F20_full_balck.jpg%3Fv%3D1781288542&feedId=101819&k=a777851bef997e639881cf6600065a59c2dd3e35,453,Mattresses,,"King Koil Airbeds",42890535665752,Mattresses,,KK20C5BK29322,"King Koil Luxury Air Mattress with High Speed Built-in Pump","Coil Beam - King Koil Airbeds were designed with you in mind. Enhanced Coil Technology providesthe support you and your guests need for a sound night's sleep. Air filled coils and internal layeringnaturally support the body, keeping the spine aligned as you sleep. The state-of-the-art coils also maintain the inflatable bed's shape and firmness over time.. Layers - Utilizing high-quality, puncture resistant material prevents normal wear and tear that cansink an average air mattress. The durable PVC combined with soft flocked top create a waterproof,extremely durable airbed, meant to withstand the test of time.. Built-In Pump - With our proprietary built-in high-speed pump, you can easily maintain and adjust the blow up beds firmness level. Featuring separate inflation and deflation valves, the built-in high speed pump will do the work for you, and get you resting faster. Fully inflate or deflate the queen size air mattress in just 90 seconds. That's twice as fast as the average competing bed! Pump specs: 120V/210W",https://kingkoilairbeds.com/products/king-koil-air-mattress-black?variant=42890535665752,https://cdn.shopify.com/s/files/1/3097/4354/files/20_full_balck.jpg?v=1781288542,2-5,139.95,,,,1,
101819,115216,"King Koil",41333549307,https://www.awin1.com/pclick.php?p=41333549307&a=3002879&m=115216,https://images2.productserve.com/?w=200&h=200&bg=white&trim=5&t=letterbox&url=ssl%3Acdn.shopify.com%2Fs%2Ffiles%2F1%2F3097%2F4354%2Ffiles%2F16_Full_Black.jpg%3Fv%3D1781288852&feedId=101819&k=1d2e5abf84ae55e2384198473a489bbda03bdc7d,https://images2.productserve.com/?w=70&h=70&bg=white&trim=5&t=letterbox&url=ssl%3Acdn.shopify.com%2Fs%2Ffiles%2F1%2F3097%2F4354%2Ffiles%2F16_Full_Black.jpg%3Fv%3D1781288852&feedId=101819&k=1d2e5abf84ae55e2384198473a489bbda03bdc7d,453,Mattresses,,"King Koil Airbeds",42890535829592,Mattresses,,KK16C5BK29321,"King Koil Luxury Air Mattress with High Speed Built-in Pump","Coil Beam - King Koil Airbeds were designed with you in mind. Enhanced Coil Technology providesthe support you and your guests need for a sound night's sleep. Air filled coils and internal layeringnaturally support the body, keeping the spine aligned as you sleep. The state-of-the-art coils also maintain the inflatable bed's shape and firmness over time.. Layers - Utilizing high-quality, puncture resistant material prevents normal wear and tear that cansink an average air mattress. The durable PVC combined with soft flocked top create a waterproof,extremely durable airbed, meant to withstand the test of time.. Built-In Pump - With our proprietary built-in high-speed pump, you can easily maintain and adjust the blow up beds firmness level. Featuring separate inflation and deflation valves, the built-in high speed pump will do the work for you, and get you resting faster. Fully inflate or deflate the queen size air mattress in just 90 seconds. That's twice as fast as the average competing bed! Pump specs: 120V/210W",https://kingkoilairbeds.com/products/king-koil-air-mattress-black?variant=42890535829592,https://cdn.shopify.com/s/files/1/3097/4354/files/16_Full_Black.jpg?v=1781288852,2-5,129.95,,,,1,
101819,115216,"King Koil",43487196558,https://www.awin1.com/pclick.php?p=43487196558&a=3002879&m=115216,https://images2.productserve.com/?w=200&h=200&bg=white&trim=5&t=letterbox&url=ssl%3Acdn.shopify.com%2Fs%2Ffiles%2F1%2F3097%2F4354%2Ffiles%2F13_cal_king_black.jpg%3Fv%3D1781289515&feedId=101819&k=f7272dcb178472b7af8baa0c96264aaf4f36771d,https://images2.productserve.com/?w=70&h=70&bg=white&trim=5&t=letterbox&url=ssl%3Acdn.shopify.com%2Fs%2Ffiles%2F1%2F3097%2F4354%2Ffiles%2F13_cal_king_black.jpg%3Fv%3D1781289515&feedId=101819&k=f7272dcb178472b7af8baa0c96264aaf4f36771d,453,Mattresses,,"King Koil Airbeds",42890538254424,Mattresses,,KK13C4BK29313,"King Koil Luxury Air Mattress with High Speed Built-in Pump","Coil Beam - King Koil Airbeds were designed with you in mind. Enhanced Coil Technology providesthe support you and your guests need for a sound night's sleep. Air filled coils and internal layeringnaturally support the body, keeping the spine aligned as you sleep. The state-of-the-art coils also maintain the inflatable bed's shape and firmness over time.. Layers - Utilizing high-quality, puncture resistant material prevents normal wear and tear that cansink an average air mattress. The durable PVC combined with soft flocked top create a waterproof,extremely durable airbed, meant to withstand the test of time.. Built-In Pump - With our proprietary built-in high-speed pump, you can easily maintain and adjust the blow up beds firmness level. Featuring separate inflation and deflation valves, the built-in high speed pump will do the work for you, and get you resting faster. Fully inflate or deflate the queen size air mattress in just 90 seconds. That's twice as fast as the average competing bed! Pump specs: 120V/210W",https://kingkoilairbeds.com/products/king-koil-air-mattress-black?variant=42890538254424,https://cdn.shopify.com/s/files/1/3097/4354/files/13_cal_king_black.jpg?v=1781289515,2-5,159.95,,,,1,
101819,115216,"King Koil",43487196559,https://www.awin1.com/pclick.php?p=43487196559&a=3002879&m=115216,https://images2.productserve.com/?w=200&h=200&bg=white&trim=5&t=letterbox&url=ssl%3Acdn.shopify.com%2Fs%2Ffiles%2F1%2F3097%2F4354%2Ffiles%2F13_Full_black.jpg%3Fv%3D1781288876&feedId=101819&k=b7a0942395602130515c57a876c29dd328ee4d56,https://images2.productserve.com/?w=70&h=70&bg=white&trim=5&t=letterbox&url=ssl%3Acdn.shopify.com%2Fs%2Ffiles%2F1%2F3097%2F4354%2Ffiles%2F13_Full_black.jpg%3Fv%3D1781288876&feedId=101819&k=b7a0942395602130515c57a876c29dd328ee4d56,453,Mattresses,,"King Koil Airbeds",42890538516568,Mattresses,,KK13C5BK29320,"King Koil Luxury Air Mattress with High Speed Built-in Pump","Coil Beam - King Koil Airbeds were designed with you in mind. Enhanced Coil Technology providesthe support you and your guests need for a sound night's sleep. Air filled coils and internal layeringnaturally support the body, keeping the spine aligned as you sleep. The state-of-the-art coils also maintain the inflatable bed's shape and firmness over time.. Layers - Utilizing high-quality, puncture resistant material prevents normal wear and tear that cansink an average air mattress. The durable PVC combined with soft flocked top create a waterproof,extremely durable airbed, meant to withstand the test of time.. Built-In Pump - With our proprietary built-in high-speed pump, you can easily maintain and adjust the blow up beds firmness level. Featuring separate inflation and deflation valves, the built-in high speed pump will do the work for you, and get you resting faster. Fully inflate or deflate the queen size air mattress in just 90 seconds. That's twice as fast as the average competing bed! Pump specs: 120V/210W",https://kingkoilairbeds.com/products/king-koil-air-mattress-black?variant=42890538516568,https://cdn.shopify.com/s/files/1/3097/4354/files/13_Full_black.jpg?v=1781288876,2-5,119.95,,,,1,
101819,115216,"King Koil",43317328564,https://www.awin1.com/pclick.php?p=43317328564&a=3002879&m=115216,https://images2.productserve.com/?w=200&h=200&bg=white&trim=5&t=letterbox&url=ssl%3Acdn.shopify.com%2Fs%2Ffiles%2F1%2F3097%2F4354%2Ffiles%2F20_twin_beige.jpg%3Fv%3D1781290255&feedId=101819&k=2745dadced647758350392d3a49b5d786179183c,https://images2.productserve.com/?w=70&h=70&bg=white&trim=5&t=letterbox&url=ssl%3Acdn.shopify.com%2Fs%2Ffiles%2F1%2F3097%2F4354%2Ffiles%2F20_twin_beige.jpg%3Fv%3D1781290255&feedId=101819&k=2745dadced647758350392d3a49b5d786179183c,453,Mattresses,,"King Koil Airbeds",40196729307224,Mattresses,817442020783,29191,"King Koil Air Mattress - Beige","Coil Beam - King Koil Airbeds were designed with you in mind. Enhanced Coil Technology providesthe support you and your guests need for a sound night's sleep. Air filled coils and internal layeringnaturally support the body, keeping the spine aligned as you sleep. The state-of-the-art coils also maintain the inflatable bed&#39;s shape and firmness over time.. Layers - Utilizing high-quality, puncture resistant material prevents normal wear and tear that can.sink an average air mattress. The durable PVC combined with soft flocked top create a waterproof,extremely durable airbed, meant to withstand the test of time.. Built-In Pump - With our proprietary built-in high-speed pump, you can easily maintain and adjust the blow up beds firmness level. Featuring separate inflation and deflation valves, the built-in high speed pump will do the work for you, and get you resting faster. Fully inflate or deflate the queen size air mattress in just 90 seconds. That's twice as fast as the average competing bed! Pump specs: 120V/210W",https://kingkoilairbeds.com/products/king-koil-air-mattress-beige?variant=40196729307224,https://cdn.shopify.com/s/files/1/3097/4354/files/20_twin_beige.jpg?v=1781290255,2-5,119.95,,,,1,
101819,115216,"King Koil",43317328565,https://www.awin1.com/pclick.php?p=43317328565&a=3002879&m=115216,https://images2.productserve.com/?w=200&h=200&bg=white&trim=5&t=letterbox&url=ssl%3Acdn.shopify.com%2Fs%2Ffiles%2F1%2F3097%2F4354%2Ffiles%2F20_queen_beige.jpg%3Fv%3D1781290327&feedId=101819&k=09c71d76d12cc286060014fb1ff78f724738dfbd,https://images2.productserve.com/?w=70&h=70&bg=white&trim=5&t=letterbox&url=ssl%3Acdn.shopify.com%2Fs%2Ffiles%2F1%2F3097%2F4354%2Ffiles%2F20_queen_beige.jpg%3Fv%3D1781290327&feedId=101819&k=09c71d76d12cc286060014fb1ff78f724738dfbd,453,Mattresses,,"King Koil Airbeds",40196729405528,Mattresses,817442020721,29190,"King Koil Air Mattress - Beige","Coil Beam - King Koil Airbeds were designed with you in mind. Enhanced Coil Technology providesthe support you and your guests need for a sound night's sleep. Air filled coils and internal layeringnaturally support the body, keeping the spine aligned as you sleep. The state-of-the-art coils also maintain the inflatable bed&#39;s shape and firmness over time.. Layers - Utilizing high-quality, puncture resistant material prevents normal wear and tear that can.sink an average air mattress. The durable PVC combined with soft flocked top create a waterproof,extremely durable airbed, meant to withstand the test of time.. Built-In Pump - With our proprietary built-in high-speed pump, you can easily maintain and adjust the blow up beds firmness level. Featuring separate inflation and deflation valves, the built-in high speed pump will do the work for you, and get you resting faster. Fully inflate or deflate the queen size air mattress in just 90 seconds. That's twice as fast as the average competing bed! Pump specs: 120V/210W",https://kingkoilairbeds.com/products/king-koil-air-mattress-beige?variant=40196729405528,https://cdn.shopify.com/s/files/1/3097/4354/files/20_queen_beige.jpg?v=1781290327,2-5,149.95,,,,1,
101819,115216,"King Koil",43317328566,https://www.awin1.com/pclick.php?p=43317328566&a=3002879&m=115216,https://images2.productserve.com/?w=200&h=200&bg=white&trim=5&t=letterbox&url=ssl%3Acdn.shopify.com%2Fs%2Ffiles%2F1%2F3097%2F4354%2Ffiles%2F20_cal_king_beige.jpg%3Fv%3D1781290371&feedId=101819&k=3934fbac8d1e38fff8751eb2b43a762a1798655b,https://images2.productserve.com/?w=70&h=70&bg=white&trim=5&t=letterbox&url=ssl%3Acdn.shopify.com%2Fs%2Ffiles%2F1%2F3097%2F4354%2Ffiles%2F20_cal_king_beige.jpg%3Fv%3D1781290371&feedId=101819&k=3934fbac8d1e38fff8751eb2b43a762a1798655b,453,Mattresses,,"King Koil Airbeds",40196729438296,Mattresses,817442020653,29192,"King Koil Air Mattress - Beige","Coil Beam - King Koil Airbeds were designed with you in mind. Enhanced Coil Technology providesthe support you and your guests need for a sound night's sleep. Air filled coils and internal layeringnaturally support the body, keeping the spine aligned as you sleep. The state-of-the-art coils also maintain the inflatable bed&#39;s shape and firmness over time.. Layers - Utilizing high-quality, puncture resistant material prevents normal wear and tear that can.sink an average air mattress. The durable PVC combined with soft flocked top create a waterproof,extremely durable airbed, meant to withstand the test of time.. Built-In Pump - With our proprietary built-in high-speed pump, you can easily maintain and adjust the blow up beds firmness level. Featuring separate inflation and deflation valves, the built-in high speed pump will do the work for you, and get you resting faster. Fully inflate or deflate the queen size air mattress in just 90 seconds. That's twice as fast as the average competing bed! Pump specs: 120V/210W",https://kingkoilairbeds.com/products/king-koil-air-mattress-beige?variant=40196729438296,https://cdn.shopify.com/s/files/1/3097/4354/files/20_cal_king_beige.jpg?v=1781290371,2-5,179.95,,,,1,
101819,115216,"King Koil",43487196560,https://www.awin1.com/pclick.php?p=43487196560&a=3002879&m=115216,https://images2.productserve.com/?w=200&h=200&bg=white&trim=5&t=letterbox&url=ssl%3Acdn.shopify.com%2Fs%2Ffiles%2F1%2F3097%2F4354%2Ffiles%2F13_tein_beige.jpg%3Fv%3D1781290279&feedId=101819&k=b64d7b7eb8f61f9bd424990617117d3a19837b5a,https://images2.productserve.com/?w=70&h=70&bg=white&trim=5&t=letterbox&url=ssl%3Acdn.shopify.com%2Fs%2Ffiles%2F1%2F3097%2F4354%2Ffiles%2F13_tein_beige.jpg%3Fv%3D1781290279&feedId=101819&k=b64d7b7eb8f61f9bd424990617117d3a19837b5a,453,Mattresses,,"King Koil Airbeds",40221276405848,Mattresses,817442020530,KK13C1BG29331,"King Koil Air Mattress - Beige","Coil Beam - King Koil Airbeds were designed with you in mind. Enhanced Coil Technology providesthe support you and your guests need for a sound night's sleep. Air filled coils and internal layeringnaturally support the body, keeping the spine aligned as you sleep. The state-of-the-art coils also maintain the inflatable bed&#39;s shape and firmness over time.. Layers - Utilizing high-quality, puncture resistant material prevents normal wear and tear that can.sink an average air mattress. The durable PVC combined with soft flocked top create a waterproof,extremely durable airbed, meant to withstand the test of time.. Built-In Pump - With our proprietary built-in high-speed pump, you can easily maintain and adjust the blow up beds firmness level. Featuring separate inflation and deflation valves, the built-in high speed pump will do the work for you, and get you resting faster. Fully inflate or deflate the queen size air mattress in just 90 seconds. That's twice as fast as the average competing bed! Pump specs: 120V/210W",https://kingkoilairbeds.com/products/king-koil-air-mattress-beige?variant=40221276405848,https://cdn.shopify.com/s/files/1/3097/4354/files/13_tein_beige.jpg?v=1781290279,2-5,89.95,,,,1,
101819,115216,"King Koil",43317328567,https://www.awin1.com/pclick.php?p=43317328567&a=3002879&m=115216,https://images2.productserve.com/?w=200&h=200&bg=white&trim=5&t=letterbox&url=ssl%3Acdn.shopify.com%2Fs%2Ffiles%2F1%2F3097%2F4354%2Ffiles%2F16_twin_beige.jpg%3Fv%3D1781290269&feedId=101819&k=060b1eab485ba2a50fe3b6752b606b1b24a84043,https://images2.productserve.com/?w=70&h=70&bg=white&trim=5&t=letterbox&url=ssl%3Acdn.shopify.com%2Fs%2Ffiles%2F1%2F3097%2F4354%2Ffiles%2F16_twin_beige.jpg%3Fv%3D1781290269&feedId=101819&k=060b1eab485ba2a50fe3b6752b606b1b24a84043,453,Mattresses,,"King Koil Airbeds",40221276438616,Mattresses,817442020363,KK16C1BG29335,"King Koil Air Mattress - Beige","Coil Beam - King Koil Airbeds were designed with you in mind. Enhanced Coil Technology providesthe support you and your guests need for a sound night's sleep. Air filled coils and internal layeringnaturally support the body, keeping the spine aligned as you sleep. The state-of-the-art coils also maintain the inflatable bed&#39;s shape and firmness over time.. Layers - Utilizing high-quality, puncture resistant material prevents normal wear and tear that can.sink an average air mattress. The durable PVC combined with soft flocked top create a waterproof,extremely durable airbed, meant to withstand the test of time.. Built-In Pump - With our proprietary built-in high-speed pump, you can easily maintain and adjust the blow up beds firmness level. Featuring separate inflation and deflation valves, the built-in high speed pump will do the work for you, and get you resting faster. Fully inflate or deflate the queen size air mattress in just 90 seconds. That's twice as fast as the average competing bed! Pump specs: 120V/210W",https://kingkoilairbeds.com/products/king-koil-air-mattress-beige?variant=40221276438616,https://cdn.shopify.com/s/files/1/3097/4354/files/16_twin_beige.jpg?v=1781290269,2-5,109.95,,,,1,
101819,115216,"King Koil",41203582282,https://www.awin1.com/pclick.php?p=41203582282&a=3002879&m=115216,https://images2.productserve.com/?w=200&h=200&bg=white&trim=5&t=letterbox&url=ssl%3Acdn.shopify.com%2Fs%2Ffiles%2F1%2F3097%2F4354%2Ffiles%2F13_queen_beige.jpg%3Fv%3D1781290358&feedId=101819&k=dd4312297c791a2c74e607db09a147163f84d203,https://images2.productserve.com/?w=70&h=70&bg=white&trim=5&t=letterbox&url=ssl%3Acdn.shopify.com%2Fs%2Ffiles%2F1%2F3097%2F4354%2Ffiles%2F13_queen_beige.jpg%3Fv%3D1781290358&feedId=101819&k=dd4312297c791a2c74e607db09a147163f84d203,453,Mattresses,,"King Koil Airbeds",40221276471384,Mattresses,817442020509,KK13C2BG29332,"King Koil Air Mattress - Beige","Coil Beam - King Koil Airbeds were designed with you in mind. Enhanced Coil Technology providesthe support you and your guests need for a sound night's sleep. Air filled coils and internal layeringnaturally support the body, keeping the spine aligned as you sleep. The state-of-the-art coils also maintain the inflatable bed&#39;s shape and firmness over time.. Layers - Utilizing high-quality, puncture resistant material prevents normal wear and tear that can.sink an average air mattress. The durable PVC combined with soft flocked top create a waterproof,extremely durable airbed, meant to withstand the test of time.. Built-In Pump - With our proprietary built-in high-speed pump, you can easily maintain and adjust the blow up beds firmness level. Featuring separate inflation and deflation valves, the built-in high speed pump will do the work for you, and get you resting faster. Fully inflate or deflate the queen size air mattress in just 90 seconds. That's twice as fast as the average competing bed! Pump specs: 120V/210W",https://kingkoilairbeds.com/products/king-koil-air-mattress-beige?variant=40221276471384,https://cdn.shopify.com/s/files/1/3097/4354/files/13_queen_beige.jpg?v=1781290358,2-5,119.95,,,,1,
101819,115216,"King Koil",43317328568,https://www.awin1.com/pclick.php?p=43317328568&a=3002879&m=115216,https://images2.productserve.com/?w=200&h=200&bg=white&trim=5&t=letterbox&url=ssl%3Acdn.shopify.com%2Fs%2Ffiles%2F1%2F3097%2F4354%2Ffiles%2F16_queen_beige.jpg%3Fv%3D1781290339&feedId=101819&k=702a3e7f6277a59e0bb49c58b67fe6b7596f1a98,https://images2.productserve.com/?w=70&h=70&bg=white&trim=5&t=letterbox&url=ssl%3Acdn.shopify.com%2Fs%2Ffiles%2F1%2F3097%2F4354%2Ffiles%2F16_queen_beige.jpg%3Fv%3D1781290339&feedId=101819&k=702a3e7f6277a59e0bb49c58b67fe6b7596f1a98,453,Mattresses,,"King Koil Airbeds",40221276504152,Mattresses,817442020691,KK16C2BG29336,"King Koil Air Mattress - Beige","Coil Beam - King Koil Airbeds were designed with you in mind. Enhanced Coil Technology providesthe support you and your guests need for a sound night's sleep. Air filled coils and internal layeringnaturally support the body, keeping the spine aligned as you sleep. The state-of-the-art coils also maintain the inflatable bed&#39;s shape and firmness over time.. Layers - Utilizing high-quality, puncture resistant material prevents normal wear and tear that can.sink an average air mattress. The durable PVC combined with soft flocked top create a waterproof,extremely durable airbed, meant to withstand the test of time.. Built-In Pump - With our proprietary built-in high-speed pump, you can easily maintain and adjust the blow up beds firmness level. Featuring separate inflation and deflation valves, the built-in high speed pump will do the work for you, and get you resting faster. Fully inflate or deflate the queen size air mattress in just 90 seconds. That's twice as fast as the average competing bed! Pump specs: 120V/210W",https://kingkoilairbeds.com/products/king-koil-air-mattress-beige?variant=40221276504152,https://cdn.shopify.com/s/files/1/3097/4354/files/16_queen_beige.jpg?v=1781290339,2-5,139.95,,,,1,
101819,115216,"King Koil",41333549308,https://www.awin1.com/pclick.php?p=41333549308&a=3002879&m=115216,https://images2.productserve.com/?w=200&h=200&bg=white&trim=5&t=letterbox&url=ssl%3Acdn.shopify.com%2Fs%2Ffiles%2F1%2F3097%2F4354%2Ffiles%2F16_full_beige.jpg%3Fv%3D1781290312&feedId=101819&k=3741490d7b15f9ed9292fde462e6cca7f3c5a75f,https://images2.productserve.com/?w=70&h=70&bg=white&trim=5&t=letterbox&url=ssl%3Acdn.shopify.com%2Fs%2Ffiles%2F1%2F3097%2F4354%2Ffiles%2F16_full_beige.jpg%3Fv%3D1781290312&feedId=101819&k=3741490d7b15f9ed9292fde462e6cca7f3c5a75f,453,Mattresses,,"King Koil Airbeds",42890529243224,Mattresses,,KK16C5BG29338,"King Koil Air Mattress - Beige","Coil Beam - King Koil Airbeds were designed with you in mind. Enhanced Coil Technology providesthe support you and your guests need for a sound night's sleep. Air filled coils and internal layeringnaturally support the body, keeping the spine aligned as you sleep. The state-of-the-art coils also maintain the inflatable bed&#39;s shape and firmness over time.. Layers - Utilizing high-quality, puncture resistant material prevents normal wear and tear that can.sink an average air mattress. The durable PVC combined with soft flocked top create a waterproof,extremely durable airbed, meant to withstand the test of time.. Built-In Pump - With our proprietary built-in high-speed pump, you can easily maintain and adjust the blow up beds firmness level. Featuring separate inflation and deflation valves, the built-in high speed pump will do the work for you, and get you resting faster. Fully inflate or deflate the queen size air mattress in just 90 seconds. That's twice as fast as the average competing bed! Pump specs: 120V/210W",https://kingkoilairbeds.com/products/king-koil-air-mattress-beige?variant=42890529243224,https://cdn.shopify.com/s/files/1/3097/4354/files/16_full_beige.jpg?v=1781290312,2-5,129.95,,,,1,
101819,115216,"King Koil",42597421172,https://www.awin1.com/pclick.php?p=42597421172&a=3002879&m=115216,https://images2.productserve.com/?w=200&h=200&bg=white&trim=5&t=letterbox&url=ssl%3Acdn.shopify.com%2Fs%2Ffiles%2F1%2F3097%2F4354%2Ffiles%2F20_full_beige.jpg%3Fv%3D1781290294&feedId=101819&k=dc9b5c6b0d0497b7991af898667825345c3fbda1,https://images2.productserve.com/?w=70&h=70&bg=white&trim=5&t=letterbox&url=ssl%3Acdn.shopify.com%2Fs%2Ffiles%2F1%2F3097%2F4354%2Ffiles%2F20_full_beige.jpg%3Fv%3D1781290294&feedId=101819&k=dc9b5c6b0d0497b7991af898667825345c3fbda1,453,Mattresses,,"King Koil Airbeds",42890529275992,Mattresses,,KK20C5BG29339,"King Koil Air Mattress - Beige","Coil Beam - King Koil Airbeds were designed with you in mind. Enhanced Coil Technology providesthe support you and your guests need for a sound night's sleep. Air filled coils and internal layeringnaturally support the body, keeping the spine aligned as you sleep. The state-of-the-art coils also maintain the inflatable bed&#39;s shape and firmness over time.. Layers - Utilizing high-quality, puncture resistant material prevents normal wear and tear that can.sink an average air mattress. The durable PVC combined with soft flocked top create a waterproof,extremely durable airbed, meant to withstand the test of time.. Built-In Pump - With our proprietary built-in high-speed pump, you can easily maintain and adjust the blow up beds firmness level. Featuring separate inflation and deflation valves, the built-in high speed pump will do the work for you, and get you resting faster. Fully inflate or deflate the queen size air mattress in just 90 seconds. That's twice as fast as the average competing bed! Pump specs: 120V/210W",https://kingkoilairbeds.com/products/king-koil-air-mattress-beige?variant=42890529275992,https://cdn.shopify.com/s/files/1/3097/4354/files/20_full_beige.jpg?v=1781290294,2-5,139.95,,,,1,
101819,115216,"King Koil",41333549310,https://www.awin1.com/pclick.php?p=41333549310&a=3002879&m=115216,https://images2.productserve.com/?w=200&h=200&bg=white&trim=5&t=letterbox&url=ssl%3Acdn.shopify.com%2Fs%2Ffiles%2F1%2F3097%2F4354%2Ffiles%2F16_cal_king_beige.jpg%3Fv%3D1781290384&feedId=101819&k=b1fa5381993e3607ac728c3b9f393259d86f1f53,https://images2.productserve.com/?w=70&h=70&bg=white&trim=5&t=letterbox&url=ssl%3Acdn.shopify.com%2Fs%2Ffiles%2F1%2F3097%2F4354%2Ffiles%2F16_cal_king_beige.jpg%3Fv%3D1781290384&feedId=101819&k=b1fa5381993e3607ac728c3b9f393259d86f1f53,453,Mattresses,,"King Koil Airbeds",42890529833048,Mattresses,,KK16C4BG29337,"King Koil Air Mattress - Beige","Coil Beam - King Koil Airbeds were designed with you in mind. Enhanced Coil Technology providesthe support you and your guests need for a sound night's sleep. Air filled coils and internal layeringnaturally support the body, keeping the spine aligned as you sleep. The state-of-the-art coils also maintain the inflatable bed&#39;s shape and firmness over time.. Layers - Utilizing high-quality, puncture resistant material prevents normal wear and tear that can.sink an average air mattress. The durable PVC combined with soft flocked top create a waterproof,extremely durable airbed, meant to withstand the test of time.. Built-In Pump - With our proprietary built-in high-speed pump, you can easily maintain and adjust the blow up beds firmness level. Featuring separate inflation and deflation valves, the built-in high speed pump will do the work for you, and get you resting faster. Fully inflate or deflate the queen size air mattress in just 90 seconds. That's twice as fast as the average competing bed! Pump specs: 120V/210W",https://kingkoilairbeds.com/products/king-koil-air-mattress-beige?variant=42890529833048,https://cdn.shopify.com/s/files/1/3097/4354/files/16_cal_king_beige.jpg?v=1781290384,2-5,159.95,,,,1,
101819,115216,"King Koil",41333549311,https://www.awin1.com/pclick.php?p=41333549311&a=3002879&m=115216,https://images2.productserve.com/?w=200&h=200&bg=white&trim=5&t=letterbox&url=ssl%3Acdn.shopify.com%2Fs%2Ffiles%2F1%2F3097%2F4354%2Ffiles%2F16_twin_blue.jpg%3Fv%3D1781291064&feedId=101819&k=1841df980a5288325cce44c6729f1e6a52ce25ce,https://images2.productserve.com/?w=70&h=70&bg=white&trim=5&t=letterbox&url=ssl%3Acdn.shopify.com%2Fs%2Ffiles%2F1%2F3097%2F4354%2Ffiles%2F16_twin_blue.jpg%3Fv%3D1781291064&feedId=101819&k=1841df980a5288325cce44c6729f1e6a52ce25ce,453,Mattresses,,"King Koil Airbeds",42889024831576,Mattresses,,KK16C1BU29505,"King Koil Luxury Air Mattress - Blue","Coil Beam - King Koil Airbeds were designed with you in mind. Enhanced Coil Technology providesthe support you and your guests need for a sound night's sleep. Air-filled coils and internal layeringnaturally support the body, keeping the spine aligned as you sleep. The state-of-the-art coils also maintain the inflatable bed's shape and firmness over time.. Layers - Utilizing high-quality, puncture-resistant material prevents normal wear and tear that cansink an average air mattress. The durable PVC combined with soft flocked top create a waterproof,extremely durable airbed, meant to withstand the test of time.. Built-In Pump - With our proprietary built-in high-speed pump, you can easily maintain and adjust the blow up beds firmness level. Featuring separate inflation and deflation valves, the built-in high speed pump will do the work for you, and get you resting faster. Fully inflate or deflate the queen size air mattress in just 90 seconds. That's twice as fast as the average competing bed! Pump specs: 120V/210W",https://kingkoilairbeds.com/products/king-koil-air-mattress-blue?variant=42889024831576,https://cdn.shopify.com/s/files/1/3097/4354/files/16_twin_blue.jpg?v=1781291064,2-5,109.95,,,,1,
101819,115216,"King Koil",43391891131,https://www.awin1.com/pclick.php?p=43391891131&a=3002879&m=115216,https://images2.productserve.com/?w=200&h=200&bg=white&trim=5&t=letterbox&url=ssl%3Acdn.shopify.com%2Fs%2Ffiles%2F1%2F3097%2F4354%2Ffiles%2F20_twin_blue.jpg%3Fv%3D1781291050&feedId=101819&k=5793d51d970317acff158de1d818470ce5789eeb,https://images2.productserve.com/?w=70&h=70&bg=white&trim=5&t=letterbox&url=ssl%3Acdn.shopify.com%2Fs%2Ffiles%2F1%2F3097%2F4354%2Ffiles%2F20_twin_blue.jpg%3Fv%3D1781291050&feedId=101819&k=5793d51d970317acff158de1d818470ce5789eeb,453,Mattresses,,"King Koil Airbeds",42889024864344,Mattresses,,KK20C1BU29509,"King Koil Luxury Air Mattress - Blue","Coil Beam - King Koil Airbeds were designed with you in mind. Enhanced Coil Technology providesthe support you and your guests need for a sound night's sleep. Air-filled coils and internal layeringnaturally support the body, keeping the spine aligned as you sleep. The state-of-the-art coils also maintain the inflatable bed's shape and firmness over time.. Layers - Utilizing high-quality, puncture-resistant material prevents normal wear and tear that cansink an average air mattress. The durable PVC combined with soft flocked top create a waterproof,extremely durable airbed, meant to withstand the test of time.. Built-In Pump - With our proprietary built-in high-speed pump, you can easily maintain and adjust the blow up beds firmness level. Featuring separate inflation and deflation valves, the built-in high speed pump will do the work for you, and get you resting faster. Fully inflate or deflate the queen size air mattress in just 90 seconds. That's twice as fast as the average competing bed! Pump specs: 120V/210W",https://kingkoilairbeds.com/products/king-koil-air-mattress-blue?variant=42889024864344,https://cdn.shopify.com/s/files/1/3097/4354/files/20_twin_blue.jpg?v=1781291050,2-5,119.95,,,,1,
101819,115216,"King Koil",43317328569,https://www.awin1.com/pclick.php?p=43317328569&a=3002879&m=115216,https://images2.productserve.com/?w=200&h=200&bg=white&trim=5&t=letterbox&url=ssl%3Acdn.shopify.com%2Fs%2Ffiles%2F1%2F3097%2F4354%2Ffiles%2F16_queen_blue.jpg%3Fv%3D1781291129&feedId=101819&k=e3369e0e64acd690da618e56acbb8242b8d4f2dd,https://images2.productserve.com/?w=70&h=70&bg=white&trim=5&t=letterbox&url=ssl%3Acdn.shopify.com%2Fs%2Ffiles%2F1%2F3097%2F4354%2Ffiles%2F16_queen_blue.jpg%3Fv%3D1781291129&feedId=101819&k=e3369e0e64acd690da618e56acbb8242b8d4f2dd,453,Mattresses,,"King Koil Airbeds",42889024897112,Mattresses,,KK16C2BU29507,"King Koil Luxury Air Mattress - Blue","Coil Beam - King Koil Airbeds were designed with you in mind. Enhanced Coil Technology providesthe support you and your guests need for a sound night's sleep. Air-filled coils and internal layeringnaturally support the body, keeping the spine aligned as you sleep. The state-of-the-art coils also maintain the inflatable bed's shape and firmness over time.. Layers - Utilizing high-quality, puncture-resistant material prevents normal wear and tear that cansink an average air mattress. The durable PVC combined with soft flocked top create a waterproof,extremely durable airbed, meant to withstand the test of time.. Built-In Pump - With our proprietary built-in high-speed pump, you can easily maintain and adjust the blow up beds firmness level. Featuring separate inflation and deflation valves, the built-in high speed pump will do the work for you, and get you resting faster. Fully inflate or deflate the queen size air mattress in just 90 seconds. That's twice as fast as the average competing bed! Pump specs: 120V/210W",https://kingkoilairbeds.com/products/king-koil-air-mattress-blue?variant=42889024897112,https://cdn.shopify.com/s/files/1/3097/4354/files/16_queen_blue.jpg?v=1781291129,2-5,129.95,,,,1,
101819,115216,"King Koil",41333549314,https://www.awin1.com/pclick.php?p=41333549314&a=3002879&m=115216,https://images2.productserve.com/?w=200&h=200&bg=white&trim=5&t=letterbox&url=ssl%3Acdn.shopify.com%2Fs%2Ffiles%2F1%2F3097%2F4354%2Ffiles%2F20_queen_blue.jpg%3Fv%3D1781291114&feedId=101819&k=53ec1205cdf1f1f1d1ef1f5c3226c61cd55fcc9b,https://images2.productserve.com/?w=70&h=70&bg=white&trim=5&t=letterbox&url=ssl%3Acdn.shopify.com%2Fs%2Ffiles%2F1%2F3097%2F4354%2Ffiles%2F20_queen_blue.jpg%3Fv%3D1781291114&feedId=101819&k=53ec1205cdf1f1f1d1ef1f5c3226c61cd55fcc9b,453,Mattresses,,"King Koil Airbeds",42889024929880,Mattresses,,KK20C2BU29511,"King Koil Luxury Air Mattress - Blue","Coil Beam - King Koil Airbeds were designed with you in mind. Enhanced Coil Technology providesthe support you and your guests need for a sound night's sleep. Air-filled coils and internal layeringnaturally support the body, keeping the spine aligned as you sleep. The state-of-the-art coils also maintain the inflatable bed's shape and firmness over time.. Layers - Utilizing high-quality, puncture-resistant material prevents normal wear and tear that cansink an average air mattress. The durable PVC combined with soft flocked top create a waterproof,extremely durable airbed, meant to withstand the test of time.. Built-In Pump - With our proprietary built-in high-speed pump, you can easily maintain and adjust the blow up beds firmness level. Featuring separate inflation and deflation valves, the built-in high speed pump will do the work for you, and get you resting faster. Fully inflate or deflate the queen size air mattress in just 90 seconds. That's twice as fast as the average competing bed! Pump specs: 120V/210W",https://kingkoilairbeds.com/products/king-koil-air-mattress-blue?variant=42889024929880,https://cdn.shopify.com/s/files/1/3097/4354/files/20_queen_blue.jpg?v=1781291114,2-5,149.95,,,,1,
101819,115216,"King Koil",41333549315,https://www.awin1.com/pclick.php?p=41333549315&a=3002879&m=115216,https://images2.productserve.com/?w=200&h=200&bg=white&trim=5&t=letterbox&url=ssl%3Acdn.shopify.com%2Fs%2Ffiles%2F1%2F3097%2F4354%2Ffiles%2F16_cal_king_blue.jpg%3Fv%3D1781291156&feedId=101819&k=8c25d224529ba5c5f4cabe0d033f202baedec7f8,https://images2.productserve.com/?w=70&h=70&bg=white&trim=5&t=letterbox&url=ssl%3Acdn.shopify.com%2Fs%2Ffiles%2F1%2F3097%2F4354%2Ffiles%2F16_cal_king_blue.jpg%3Fv%3D1781291156&feedId=101819&k=8c25d224529ba5c5f4cabe0d033f202baedec7f8,453,Mattresses,,"King Koil Airbeds",42889024962648,Mattresses,,KK16C4BU29508,"King Koil Luxury Air Mattress - Blue","Coil Beam - King Koil Airbeds were designed with you in mind. Enhanced Coil Technology providesthe support you and your guests need for a sound night's sleep. Air-filled coils and internal layeringnaturally support the body, keeping the spine aligned as you sleep. The state-of-the-art coils also maintain the inflatable bed's shape and firmness over time.. Layers - Utilizing high-quality, puncture-resistant material prevents normal wear and tear that cansink an average air mattress. The durable PVC combined with soft flocked top create a waterproof,extremely durable airbed, meant to withstand the test of time.. Built-In Pump - With our proprietary built-in high-speed pump, you can easily maintain and adjust the blow up beds firmness level. Featuring separate inflation and deflation valves, the built-in high speed pump will do the work for you, and get you resting faster. Fully inflate or deflate the queen size air mattress in just 90 seconds. That's twice as fast as the average competing bed! Pump specs: 120V/210W",https://kingkoilairbeds.com/products/king-koil-air-mattress-blue?variant=42889024962648,https://cdn.shopify.com/s/files/1/3097/4354/files/16_cal_king_blue.jpg?v=1781291156,2-5,159.95,,,,1,
101819,115216,"King Koil",43332184759,https://www.awin1.com/pclick.php?p=43332184759&a=3002879&m=115216,https://images2.productserve.com/?w=200&h=200&bg=white&trim=5&t=letterbox&url=ssl%3Acdn.shopify.com%2Fs%2Ffiles%2F1%2F3097%2F4354%2Ffiles%2F20_cal_king_blue.jpg%3Fv%3D1781291143&feedId=101819&k=7b53a97c26a201b84dd166317f9f5e0300e49650,https://images2.productserve.com/?w=70&h=70&bg=white&trim=5&t=letterbox&url=ssl%3Acdn.shopify.com%2Fs%2Ffiles%2F1%2F3097%2F4354%2Ffiles%2F20_cal_king_blue.jpg%3Fv%3D1781291143&feedId=101819&k=7b53a97c26a201b84dd166317f9f5e0300e49650,453,Mattresses,,"King Koil Airbeds",42889024995416,Mattresses,,KK20C4BU29512,"King Koil Luxury Air Mattress - Blue","Coil Beam - King Koil Airbeds were designed with you in mind. Enhanced Coil Technology providesthe support you and your guests need for a sound night's sleep. Air-filled coils and internal layeringnaturally support the body, keeping the spine aligned as you sleep. The state-of-the-art coils also maintain the inflatable bed's shape and firmness over time.. Layers - Utilizing high-quality, puncture-resistant material prevents normal wear and tear that cansink an average air mattress. The durable PVC combined with soft flocked top create a waterproof,extremely durable airbed, meant to withstand the test of time.. Built-In Pump - With our proprietary built-in high-speed pump, you can easily maintain and adjust the blow up beds firmness level. Featuring separate inflation and deflation valves, the built-in high speed pump will do the work for you, and get you resting faster. Fully inflate or deflate the queen size air mattress in just 90 seconds. That's twice as fast as the average competing bed! Pump specs: 120V/210W",https://kingkoilairbeds.com/products/king-koil-air-mattress-blue?variant=42889024995416,https://cdn.shopify.com/s/files/1/3097/4354/files/20_cal_king_blue.jpg?v=1781291143,2-5,179.95,,,,1,
101819,115216,"King Koil",41333549317,https://www.awin1.com/pclick.php?p=41333549317&a=3002879&m=115216,https://images2.productserve.com/?w=200&h=200&bg=white&trim=5&t=letterbox&url=ssl%3Acdn.shopify.com%2Fs%2Ffiles%2F1%2F3097%2F4354%2Ffiles%2F16_full_blue.jpg%3Fv%3D1781291097&feedId=101819&k=b41778f9c4dd21fac7132fffa9a12f59b258b47a,https://images2.productserve.com/?w=70&h=70&bg=white&trim=5&t=letterbox&url=ssl%3Acdn.shopify.com%2Fs%2Ffiles%2F1%2F3097%2F4354%2Ffiles%2F16_full_blue.jpg%3Fv%3D1781291097&feedId=101819&k=b41778f9c4dd21fac7132fffa9a12f59b258b47a,453,Mattresses,,"King Koil Airbeds",42889025028184,Mattresses,,KK16C5BU29506,"King Koil Luxury Air Mattress - Blue","Coil Beam - King Koil Airbeds were designed with you in mind. Enhanced Coil Technology providesthe support you and your guests need for a sound night's sleep. Air-filled coils and internal layeringnaturally support the body, keeping the spine aligned as you sleep. The state-of-the-art coils also maintain the inflatable bed's shape and firmness over time.. Layers - Utilizing high-quality, puncture-resistant material prevents normal wear and tear that cansink an average air mattress. The durable PVC combined with soft flocked top create a waterproof,extremely durable airbed, meant to withstand the test of time.. Built-In Pump - With our proprietary built-in high-speed pump, you can easily maintain and adjust the blow up beds firmness level. Featuring separate inflation and deflation valves, the built-in high speed pump will do the work for you, and get you resting faster. Fully inflate or deflate the queen size air mattress in just 90 seconds. That's twice as fast as the average competing bed! Pump specs: 120V/210W",https://kingkoilairbeds.com/products/king-koil-air-mattress-blue?variant=42889025028184,https://cdn.shopify.com/s/files/1/3097/4354/files/16_full_blue.jpg?v=1781291097,2-5,129.95,,,,1,
101819,115216,"King Koil",43324857534,https://www.awin1.com/pclick.php?p=43324857534&a=3002879&m=115216,https://images2.productserve.com/?w=200&h=200&bg=white&trim=5&t=letterbox&url=ssl%3Acdn.shopify.com%2Fs%2Ffiles%2F1%2F3097%2F4354%2Ffiles%2F20_fell_blue.jpg%3Fv%3D1781291079&feedId=101819&k=f23f3c8fd29aad03af25a863e4928e85cbc5cb1a,https://images2.productserve.com/?w=70&h=70&bg=white&trim=5&t=letterbox&url=ssl%3Acdn.shopify.com%2Fs%2Ffiles%2F1%2F3097%2F4354%2Ffiles%2F20_fell_blue.jpg%3Fv%3D1781291079&feedId=101819&k=f23f3c8fd29aad03af25a863e4928e85cbc5cb1a,453,Mattresses,,"King Koil Airbeds",42889025060952,Mattresses,,KK20C5BU29510,"King Koil Luxury Air Mattress - Blue","Coil Beam - King Koil Airbeds were designed with you in mind. Enhanced Coil Technology providesthe support you and your guests need for a sound night's sleep. Air-filled coils and internal layeringnaturally support the body, keeping the spine aligned as you sleep. The state-of-the-art coils also maintain the inflatable bed's shape and firmness over time.. Layers - Utilizing high-quality, puncture-resistant material prevents normal wear and tear that cansink an average air mattress. The durable PVC combined with soft flocked top create a waterproof,extremely durable airbed, meant to withstand the test of time.. Built-In Pump - With our proprietary built-in high-speed pump, you can easily maintain and adjust the blow up beds firmness level. Featuring separate inflation and deflation valves, the built-in high speed pump will do the work for you, and get you resting faster. Fully inflate or deflate the queen size air mattress in just 90 seconds. That's twice as fast as the average competing bed! Pump specs: 120V/210W",https://kingkoilairbeds.com/products/king-koil-air-mattress-blue?variant=42889025060952,https://cdn.shopify.com/s/files/1/3097/4354/files/20_fell_blue.jpg?v=1781291079,2-5,139.95,,,,1,
101819,115216,"King Koil",41333549319,https://www.awin1.com/pclick.php?p=41333549319&a=3002879&m=115216,https://images2.productserve.com/?w=200&h=200&bg=white&trim=5&t=letterbox&url=ssl%3Acdn.shopify.com%2Fs%2Ffiles%2F1%2F3097%2F4354%2Ffiles%2F13_kid_blue.jpg%3Fv%3D1781291167&feedId=101819&k=ecb79c01625846669bffd528f6075292132ac6fe,https://images2.productserve.com/?w=70&h=70&bg=white&trim=5&t=letterbox&url=ssl%3Acdn.shopify.com%2Fs%2Ffiles%2F1%2F3097%2F4354%2Ffiles%2F13_kid_blue.jpg%3Fv%3D1781291167&feedId=101819&k=ecb79c01625846669bffd528f6075292132ac6fe,453,Mattresses,,"King Koil Airbeds",42890527211608,Mattresses,,KK13I6BU29516,"King Koil Luxury Air Mattress - Blue","Coil Beam - King Koil Airbeds were designed with you in mind. Enhanced Coil Technology providesthe support you and your guests need for a sound night's sleep. Air-filled coils and internal layeringnaturally support the body, keeping the spine aligned as you sleep. The state-of-the-art coils also maintain the inflatable bed's shape and firmness over time.. Layers - Utilizing high-quality, puncture-resistant material prevents normal wear and tear that cansink an average air mattress. The durable PVC combined with soft flocked top create a waterproof,extremely durable airbed, meant to withstand the test of time.. Built-In Pump - With our proprietary built-in high-speed pump, you can easily maintain and adjust the blow up beds firmness level. Featuring separate inflation and deflation valves, the built-in high speed pump will do the work for you, and get you resting faster. Fully inflate or deflate the queen size air mattress in just 90 seconds. That's twice as fast as the average competing bed! Pump specs: 120V/210W",https://kingkoilairbeds.com/products/king-koil-air-mattress-blue?variant=42890527211608,https://cdn.shopify.com/s/files/1/3097/4354/files/13_kid_blue.jpg?v=1781291167,2-5,79.95,,,,1,
